{"cameraMode":{"drawMode":0,"name":"Shaded","section":"Shading Mode"},"sceneLighting":true,"audioPlay":false,"sceneViewState":{"showFog":true,"showMaterialUpdate":false,"showSkybox":true,"showFlares":true,"showImageEffects":true,"showParticleSystems":true},"in2DMode":false,"pivot":{"x":-0.17415565252304078,"y":1.4060156345367432,"z":-0.0732421875},"rotation":{"x":-0.014774302020668984,"y":0.6524679660797119,"z":0.01272488571703434,"w":0.7575654983520508},"size":6.3215651512146,"orthographic":true}