{"cameraMode":{"drawMode":0,"name":"Shaded","section":"Shading Mode"},"sceneLighting":true,"audioPlay":false,"sceneViewState":{"showFog":true,"showMaterialUpdate":false,"showSkybox":true,"showFlares":true,"showImageEffects":true,"showParticleSystems":true},"in2DMode":false,"pivot":{"x":0.0,"y":0.8500000238418579,"z":5.960464477539063e-8},"rotation":{"x":0.30848461389541628,"y":-0.49989771842956545,"z":0.19642536342144013,"w":0.7850837707519531},"size":9.805005073547364,"orthographic":false}